{
    "TIMES": {
        "GUIDER": 1.8463129997253418,
        "FAIL": 0.1227254867553711,
        "REACHED": 14.149641275405884,
        "FETCH": 0,
        "IMPORT": 2.7567718029022217,
        "EXPORT": 16.09881019592285,
        "SIMULATOR": 4.671625852584839,
        "GUIDER_COPY": 0.029268264770507812
    },
    "SUM_STEP_CNT": 62143,
    "FILLED_CNT": 3,
    "COLLIDED_CNT": 3088,
    "REACHED_CNT": 141
}