{
    "TIMES": {
        "GUIDER": 0.2794830799102783,
        "FAIL": 0.014712333679199219,
        "REACHED": 1.9518585205078125,
        "FETCH": 0,
        "IMPORT": 0.10036039352416992,
        "EXPORT": 0.05836081504821777,
        "SIMULATOR": 0.7847657203674316,
        "GUIDER_COPY": 0.0009295940399169922
    },
    "SUM_STEP_CNT": 7151,
    "FILLED_CNT": 1,
    "COLLIDED_CNT": 99,
    "REACHED_CNT": 0
}